{"cameraMode":{"drawMode":0,"name":"Shaded","section":"Shading Mode"},"sceneLighting":false,"audioPlay":false,"sceneViewState":{"showFog":true,"showMaterialUpdate":false,"showSkybox":false,"showFlares":true,"showImageEffects":true,"showParticleSystems":true},"in2DMode":false,"pivot":{"x":45.001190185546878,"y":21.880619049072267,"z":108.99955749511719},"rotation":{"x":0.06304094195365906,"y":-0.7208441495895386,"z":0.06614192575216294,"w":0.687048077583313},"size":4.950683116912842,"orthographic":false}