{"cameraMode":{"drawMode":0,"name":"Shaded","section":"Shading Mode"},"sceneLighting":true,"audioPlay":false,"sceneViewState":{"showFog":true,"showMaterialUpdate":false,"showSkybox":true,"showFlares":true,"showImageEffects":true,"showParticleSystems":true},"in2DMode":false,"pivot":{"x":44.726924896240237,"y":22.540611267089845,"z":109.63465881347656},"rotation":{"x":0.06136655434966087,"y":-0.7580083012580872,"z":0.07208491116762161,"w":0.645349383354187},"size":3.329657793045044,"orthographic":false}