{"cameraMode":{"drawMode":0,"name":"Shaded","section":"Shading Mode"},"sceneLighting":false,"audioPlay":false,"sceneViewState":{"showFog":true,"showMaterialUpdate":false,"showSkybox":false,"showFlares":true,"showImageEffects":true,"showParticleSystems":true},"in2DMode":false,"pivot":{"x":44.91024398803711,"y":22.266000747680665,"z":109.16159057617188},"rotation":{"x":0.04806545004248619,"y":0.26061850786209109,"z":-0.012988104484975338,"w":0.9641644954681397},"size":3.737511396408081,"orthographic":false}