{"cameraMode":{"drawMode":0,"name":"Shaded","section":"Shading Mode"},"sceneLighting":true,"audioPlay":false,"sceneViewState":{"showFog":true,"showMaterialUpdate":false,"showSkybox":true,"showFlares":true,"showImageEffects":true,"showParticleSystems":true},"in2DMode":false,"pivot":{"x":46.57663345336914,"y":20.995954513549806,"z":132.39463806152345},"rotation":{"x":0.06136655434966087,"y":-0.7580083012580872,"z":0.07208491116762161,"w":0.645349383354187},"size":8.481571197509766,"orthographic":false}